date,symbol,marketcapname,sector
27-06-2025 1:30 pm,TIINDIA,Largecap,Metals
27-06-2025 1:30 pm,ULTRACEMCO,Largecap,Industrials
27-06-2025 2:15 pm,ADANIENT,Largecap,Services
27-06-2025 2:15 pm,GAIL,Largecap,Industrials
27-06-2025 2:30 pm,MFSL,Largecap,Finance
27-06-2025 2:30 pm,GRASIM,Largecap,Miscellaneous
27-06-2025 2:30 pm,CHOLAFIN,Largecap,Finance
27-06-2025 2:30 pm,UNOMINDA,Largecap,Auto
27-06-2025 2:45 pm,LAURUSLABS,Largecap,Pharmaceuticals
27-06-2025 2:45 pm,CESC,Largecap,Miscellaneous
27-06-2025 2:45 pm,MFSL,Largecap,Finance
27-06-2025 2:45 pm,PATANJALI,Largecap,FMCG
27-06-2025 2:45 pm,AARTIIND,Midcap,Industrials
27-06-2025 2:45 pm,ALKEM,Largecap,Pharmaceuticals
27-06-2025 3:00 pm,BAJFINANCE,Largecap,Finance
27-06-2025 3:00 pm,BEL,Largecap,Aerospace & Defence
27-06-2025 3:00 pm,CIPLA,Largecap,Pharmaceuticals
27-06-2025 3:00 pm,DABUR,Largecap,FMCG
27-06-2025 3:00 pm,SBIN,Largecap,Bank
27-06-2025 3:00 pm,HDFCBANK,Largecap,Bank
27-06-2025 3:00 pm,INFY,Largecap,I.T
27-06-2025 3:00 pm,JSWSTEEL,Largecap,Metals
27-06-2025 3:00 pm,TRENT,Largecap,FMCG
27-06-2025 3:00 pm,LUPIN,Largecap,Pharmaceuticals
27-06-2025 3:00 pm,VEDL,Largecap,Industrials
27-06-2025 3:00 pm,TATAELXSI,Largecap,I.T
27-06-2025 3:00 pm,TORNTPHARM,Largecap,Pharmaceuticals
27-06-2025 3:00 pm,BOSCHLTD,Largecap,Auto
27-06-2025 3:00 pm,VOLTAS,Largecap,FMCG
27-06-2025 3:00 pm,HINDUNILVR,Largecap,FMCG
27-06-2025 3:00 pm,NESTLEIND,Largecap,FMCG
27-06-2025 3:00 pm,ASIANPAINT,Largecap,Industrials
27-06-2025 3:00 pm,APOLLOHOSP,Largecap,Pharmaceuticals
27-06-2025 3:00 pm,UPL,Largecap,Industrials
27-06-2025 3:00 pm,MOTHERSON,Largecap,Auto
27-06-2025 3:00 pm,AUBANK,Largecap,Bank
27-06-2025 3:00 pm,SUNPHARMA,Largecap,Pharmaceuticals
27-06-2025 3:00 pm,BDL,Largecap,Aerospace & Defence
27-06-2025 3:00 pm,HAL,Largecap,Aerospace & Defence
27-06-2025 3:00 pm,360ONE,Largecap,Finance
27-06-2025 3:00 pm,SBICARD,Largecap,Finance
27-06-2025 3:00 pm,ICICIBANK,Largecap,Bank
27-06-2025 3:00 pm,MAZDOCK,Largecap,Aerospace & Defence
27-06-2025 3:00 pm,HCLTECH,Largecap,I.T
27-06-2025 3:00 pm,GODREJCP,Largecap,FMCG
27-06-2025 3:00 pm,BIOCON,Largecap,Pharmaceuticals
27-06-2025 3:00 pm,ULTRACEMCO,Largecap,Industrials
27-06-2025 3:00 pm,TECHM,Largecap,I.T
27-06-2025 3:00 pm,PAGEIND,Largecap,FMCG
27-06-2025 3:00 pm,OIL,Largecap,Oils
27-06-2025 3:00 pm,COALINDIA,Largecap,Industrials
27-06-2025 3:00 pm,PGEL,Largecap,FMCG
27-06-2025 3:00 pm,NBCC,Largecap,Realty
27-06-2025 3:00 pm,LODHA,Largecap,Realty
27-06-2025 3:00 pm,NYKAA,Largecap,I.T
27-06-2025 3:00 pm,PAYTM,Largecap,I.T
27-06-2025 3:00 pm,VBL,Largecap,FMCG
27-06-2025 3:15 pm,ABB,Largecap,FMCG
27-06-2025 3:15 pm,LAURUSLABS,Largecap,Pharmaceuticals
27-06-2025 3:15 pm,BEL,Largecap,Aerospace & Defence
27-06-2025 3:15 pm,CIPLA,Largecap,Pharmaceuticals
27-06-2025 3:15 pm,INFY,Largecap,I.T
27-06-2025 3:15 pm,TRENT,Largecap,FMCG
27-06-2025 3:15 pm,LUPIN,Largecap,Pharmaceuticals
27-06-2025 3:15 pm,VEDL,Largecap,Industrials
27-06-2025 3:15 pm,ONGC,Largecap,Oils
27-06-2025 3:15 pm,TATAPOWER,Largecap,Miscellaneous
27-06-2025 3:15 pm,TORNTPHARM,Largecap,Pharmaceuticals
27-06-2025 3:15 pm,FEDERALBNK,Largecap,Bank
27-06-2025 3:15 pm,M&M,Largecap,Auto
27-06-2025 3:15 pm,SIEMENS,Largecap,FMCG
27-06-2025 3:15 pm,TATAMOTORS,Largecap,Auto
27-06-2025 3:15 pm,VOLTAS,Largecap,FMCG
27-06-2025 3:15 pm,HINDUNILVR,Largecap,FMCG
27-06-2025 3:15 pm,ASIANPAINT,Largecap,Industrials
27-06-2025 3:15 pm,COLPAL,Largecap,FMCG
27-06-2025 3:15 pm,INDHOTEL,Largecap,Services
27-06-2025 3:15 pm,PHOENIXLTD,Largecap,Realty
27-06-2025 3:15 pm,WIPRO,Largecap,I.T
27-06-2025 3:15 pm,APOLLOHOSP,Largecap,Pharmaceuticals
27-06-2025 3:15 pm,UPL,Largecap,Industrials
27-06-2025 3:15 pm,LICI,Largecap,Services
27-06-2025 3:15 pm,MOTHERSON,Largecap,Auto
27-06-2025 3:15 pm,AUBANK,Largecap,Bank
27-06-2025 3:15 pm,SUNPHARMA,Largecap,Pharmaceuticals
27-06-2025 3:15 pm,BDL,Largecap,Aerospace & Defence
27-06-2025 3:15 pm,360ONE,Largecap,Finance
27-06-2025 3:15 pm,BANKBARODA,Largecap,Bank
27-06-2025 3:15 pm,MAZDOCK,Largecap,Aerospace & Defence
27-06-2025 3:15 pm,HCLTECH,Largecap,I.T
27-06-2025 3:15 pm,GLENMARK,Largecap,Pharmaceuticals
27-06-2025 3:15 pm,ZYDUSLIFE,Largecap,Pharmaceuticals
27-06-2025 3:15 pm,GODREJCP,Largecap,FMCG
27-06-2025 3:15 pm,OFSS,Largecap,I.T
27-06-2025 3:15 pm,CANBK,Largecap,Bank
27-06-2025 3:15 pm,PETRONET,Largecap,Industrials
27-06-2025 3:15 pm,ULTRACEMCO,Largecap,Industrials
27-06-2025 3:15 pm,UNOMINDA,Largecap,Auto
27-06-2025 3:15 pm,TCS,Largecap,I.T
27-06-2025 3:15 pm,IIFL,Largecap,Finance
27-06-2025 3:15 pm,TECHM,Largecap,I.T
27-06-2025 3:15 pm,NAUKRI,Midcap,I.T
27-06-2025 3:15 pm,TORNTPOWER,Largecap,Miscellaneous
27-06-2025 3:15 pm,POWERGRID,Largecap,Miscellaneous
27-06-2025 3:15 pm,NHPC,Largecap,Miscellaneous
27-06-2025 3:15 pm,OIL,Largecap,Oils
27-06-2025 3:15 pm,PERSISTENT,Largecap,I.T
27-06-2025 3:15 pm,SJVN,Largecap,Miscellaneous
27-06-2025 3:15 pm,COALINDIA,Largecap,Industrials
27-06-2025 3:15 pm,KALYANKJIL,Largecap,Miscellaneous
27-06-2025 3:15 pm,LODHA,Largecap,Realty
27-06-2025 3:15 pm,ETERNAL,Largecap,I.T
27-06-2025 3:15 pm,POLICYBZR,Largecap,I.T
27-06-2025 3:15 pm,PAYTM,Largecap,I.T
27-06-2025 3:15 pm,INOXWIND,Largecap,FMCG
27-06-2025 3:15 pm,SYNGENE,Largecap,Pharmaceuticals
27-06-2025 3:15 pm,VBL,Largecap,FMCG
30-06-2025 9:15 am,LAURUSLABS,Largecap,Pharmaceuticals
30-06-2025 9:15 am,SBIN,Largecap,Bank
30-06-2025 9:15 am,HFCL,Midcap,Telecom
30-06-2025 9:15 am,TATACHEM,Largecap,Industrials
30-06-2025 9:15 am,LICI,Largecap,Services
30-06-2025 9:15 am,KAYNES,Largecap,FMCG
30-06-2025 9:15 am,POONAWALLA,Largecap,Finance
30-06-2025 9:15 am,AARTIIND,Midcap,Industrials
30-06-2025 9:15 am,DMART,Largecap,FMCG
30-06-2025 9:15 am,AUROPHARMA,Largecap,Pharmaceuticals
30-06-2025 9:15 am,IREDA,Largecap,Finance
30-06-2025 9:15 am,AMBER,Largecap,FMCG
30-06-2025 9:15 am,BANDHANBNK,Largecap,Bank
30-06-2025 9:15 am,RVNL,Largecap,Realty
30-06-2025 9:15 am,BANKBARODA,Largecap,Bank
30-06-2025 9:15 am,PNB,Largecap,Bank
30-06-2025 9:15 am,CANBK,Largecap,Bank
30-06-2025 9:15 am,YESBANK,Largecap,Bank
30-06-2025 9:15 am,RECLTD,Largecap,Finance
30-06-2025 9:15 am,IRFC,Largecap,Finance
30-06-2025 9:15 am,ABFRL,Midcap,FMCG
30-06-2025 9:15 am,RBLBANK,Midcap,Bank
30-06-2025 9:30 am,LICI,Largecap,Services
30-06-2025 9:30 am,KAYNES,Largecap,FMCG
30-06-2025 9:30 am,CDSL,Largecap,Financial Services
30-06-2025 9:30 am,AMBER,Largecap,FMCG
30-06-2025 9:30 am,CAMS,Largecap,Financial Services
30-06-2025 9:30 am,ASTRAL,Largecap,FMCG
30-06-2025 9:30 am,IRFC,Largecap,Finance
30-06-2025 9:45 am,LICI,Largecap,Services
30-06-2025 10:00 am,SBIN,Largecap,Bank
30-06-2025 10:00 am,LICI,Largecap,Services
30-06-2025 10:00 am,HINDCOPPER,Largecap,Metals
30-06-2025 10:00 am,UNIONBANK,Largecap,Bank
30-06-2025 10:15 am,UNIONBANK,Largecap,Bank
30-06-2025 10:45 am,CDSL,Largecap,Financial Services
30-06-2025 11:00 am,ABCAPITAL,Largecap,Finance
30-06-2025 11:00 am,ICICIPRULI,Largecap,Services
30-06-2025 11:15 am,DABUR,Largecap,FMCG
30-06-2025 11:15 am,ICICIPRULI,Largecap,Services
30-06-2025 11:30 am,ICICIPRULI,Largecap,Services
30-06-2025 12:00 pm,DIVISLAB,Largecap,Pharmaceuticals
30-06-2025 1:15 pm,KAYNES,Largecap,FMCG
30-06-2025 1:30 pm,TRENT,Largecap,FMCG
30-06-2025 2:00 pm,DIXON,Largecap,FMCG
30-06-2025 2:15 pm,BRITANNIA,Largecap,FMCG
30-06-2025 2:15 pm,MARICO,Largecap,FMCG
30-06-2025 2:15 pm,IIFL,Largecap,Finance
30-06-2025 2:30 pm,TATACOMM,Largecap,Telecom
30-06-2025 2:30 pm,SRF,Largecap,Industrials
30-06-2025 2:30 pm,ABCAPITAL,Largecap,Finance
30-06-2025 2:30 pm,TORNTPOWER,Largecap,Miscellaneous
30-06-2025 2:30 pm,PAGEIND,Largecap,FMCG
30-06-2025 2:30 pm,NHPC,Largecap,Miscellaneous
30-06-2025 2:30 pm,JSWENERGY,Largecap,Miscellaneous
30-06-2025 2:30 pm,SJVN,Largecap,Miscellaneous
30-06-2025 2:30 pm,DALBHARAT,Largecap,Industrials
30-06-2025 2:45 pm,CESC,Largecap,Miscellaneous
30-06-2025 2:45 pm,CGPOWER,Largecap,FMCG
30-06-2025 2:45 pm,HDFCBANK,Largecap,Bank
30-06-2025 2:45 pm,PATANJALI,Largecap,FMCG
30-06-2025 2:45 pm,IEX,Midcap,Financial Services
30-06-2025 2:45 pm,SONACOMS,Largecap,Auto
30-06-2025 3:00 pm,BEL,Largecap,Aerospace & Defence
30-06-2025 3:00 pm,TITAN,Largecap,Miscellaneous
30-06-2025 3:00 pm,HDFCBANK,Largecap,Bank
30-06-2025 3:00 pm,JSWSTEEL,Largecap,Metals
30-06-2025 3:00 pm,MFSL,Largecap,Finance
30-06-2025 3:00 pm,VEDL,Largecap,Industrials
30-06-2025 3:00 pm,GRASIM,Largecap,Miscellaneous
30-06-2025 3:00 pm,ONGC,Largecap,Oils
30-06-2025 3:00 pm,RELIANCE,Largecap,Industrials
30-06-2025 3:00 pm,HINDALCO,Largecap,Metals
30-06-2025 3:00 pm,ASHOKLEY,Largecap,Auto
30-06-2025 3:00 pm,M&M,Largecap,Auto
30-06-2025 3:00 pm,TATACONSUM,Largecap,FMCG
30-06-2025 3:00 pm,ASIANPAINT,Largecap,Industrials
30-06-2025 3:00 pm,EICHERMOT,Largecap,Auto
30-06-2025 3:00 pm,WIPRO,Largecap,I.T
30-06-2025 3:00 pm,SUPREMEIND,Largecap,FMCG
30-06-2025 3:00 pm,IEX,Midcap,Financial Services
30-06-2025 3:00 pm,TIINDIA,Largecap,Metals
30-06-2025 3:00 pm,HDFCLIFE,Largecap,Services
30-06-2025 3:00 pm,HDFCAMC,Largecap,Finance
30-06-2025 3:00 pm,POLYCAB,Largecap,Industrials
30-06-2025 3:00 pm,MARICO,Largecap,FMCG
30-06-2025 3:00 pm,CAMS,Largecap,Financial Services
30-06-2025 3:00 pm,AXISBANK,Largecap,Bank
30-06-2025 3:00 pm,ZYDUSLIFE,Largecap,Pharmaceuticals
30-06-2025 3:00 pm,DIVISLAB,Largecap,Pharmaceuticals
30-06-2025 3:00 pm,JSL,Largecap,Metals
30-06-2025 3:00 pm,IGL,Largecap,Industrials
30-06-2025 3:00 pm,TCS,Largecap,I.T
30-06-2025 3:00 pm,TECHM,Largecap,I.T
30-06-2025 3:00 pm,NAUKRI,Midcap,I.T
30-06-2025 3:00 pm,POWERGRID,Largecap,Miscellaneous
30-06-2025 3:00 pm,ADANIPORTS,Largecap,Industrials
30-06-2025 3:00 pm,INDUSTOWER,Largecap,Telecom
30-06-2025 3:00 pm,SONACOMS,Largecap,Auto
30-06-2025 3:00 pm,LTIM,Largecap,I.T
30-06-2025 3:15 pm,BEL,Largecap,Aerospace & Defence
30-06-2025 3:15 pm,BLUESTARCO,Largecap,FMCG
30-06-2025 3:15 pm,CHAMBLFERT,Largecap,Industrials
30-06-2025 3:15 pm,DRREDDY,Largecap,Pharmaceuticals
30-06-2025 3:15 pm,VEDL,Largecap,Industrials
30-06-2025 3:15 pm,TATAPOWER,Largecap,Miscellaneous
30-06-2025 3:15 pm,AMBUJACEM,Largecap,Industrials
30-06-2025 3:15 pm,CUMMINSIND,Largecap,FMCG
30-06-2025 3:15 pm,HINDUNILVR,Largecap,FMCG
30-06-2025 3:15 pm,ASIANPAINT,Largecap,Industrials
30-06-2025 3:15 pm,ADANIENT,Largecap,Services
30-06-2025 3:15 pm,MANKIND,Largecap,Pharmaceuticals
30-06-2025 3:15 pm,PIIND,Largecap,Industrials
30-06-2025 3:15 pm,JIOFIN,Largecap,Finance
30-06-2025 3:15 pm,HUDCO,Largecap,Finance
30-06-2025 3:15 pm,DIXON,Largecap,FMCG
30-06-2025 3:15 pm,IEX,Midcap,Financial Services
30-06-2025 3:15 pm,HAL,Largecap,Aerospace & Defence
30-06-2025 3:15 pm,HDFCAMC,Largecap,Finance
30-06-2025 3:15 pm,RVNL,Largecap,Realty
30-06-2025 3:15 pm,CYIENT,Midcap,I.T
30-06-2025 3:15 pm,HCLTECH,Largecap,I.T
30-06-2025 3:15 pm,JSL,Largecap,Metals
30-06-2025 3:15 pm,PETRONET,Largecap,Industrials
30-06-2025 3:15 pm,GMRAIRPORT,Largecap,Miscellaneous
30-06-2025 3:15 pm,DLF,Largecap,Realty
30-06-2025 3:15 pm,TITAGARH,Midcap,FMCG
30-06-2025 3:15 pm,BAJAJFINSV,Largecap,Finance
30-06-2025 3:15 pm,OIL,Largecap,Oils
30-06-2025 3:15 pm,OBEROIRLTY,Largecap,Realty
30-06-2025 3:15 pm,INDUSTOWER,Largecap,Telecom
30-06-2025 3:15 pm,SONACOMS,Largecap,Auto
30-06-2025 3:15 pm,SYNGENE,Largecap,Pharmaceuticals
01-07-2025 9:15 am,ABB,Largecap,FMCG
01-07-2025 9:15 am,BEL,Largecap,Aerospace & Defence
01-07-2025 9:15 am,CESC,Largecap,Miscellaneous
01-07-2025 9:15 am,CHAMBLFERT,Largecap,Industrials
01-07-2025 9:15 am,AMBUJACEM,Largecap,Industrials
01-07-2025 9:15 am,SIEMENS,Largecap,FMCG
01-07-2025 9:15 am,ASIANPAINT,Largecap,Industrials
01-07-2025 9:15 am,APOLLOHOSP,Largecap,Pharmaceuticals
01-07-2025 9:15 am,ADANIENT,Largecap,Services
01-07-2025 9:15 am,KEI,Largecap,Industrials
01-07-2025 9:15 am,MANKIND,Largecap,Pharmaceuticals
01-07-2025 9:15 am,JIOFIN,Largecap,Finance
01-07-2025 9:15 am,TIINDIA,Largecap,Metals
01-07-2025 9:15 am,BDL,Largecap,Aerospace & Defence
01-07-2025 9:15 am,HAL,Largecap,Aerospace & Defence
01-07-2025 9:15 am,ADANIGREEN,Largecap,Miscellaneous
01-07-2025 9:15 am,ATGL,Largecap,Industrials
01-07-2025 9:15 am,IOC,Largecap,Industrials
01-07-2025 9:15 am,POLYCAB,Largecap,Industrials
01-07-2025 9:15 am,MAXHEALTH,Largecap,Pharmaceuticals
01-07-2025 9:15 am,MAZDOCK,Largecap,Aerospace & Defence
01-07-2025 9:15 am,OFSS,Largecap,I.T
01-07-2025 9:15 am,GMRAIRPORT,Largecap,Miscellaneous
01-07-2025 9:15 am,IDEA,Largecap,Telecom
01-07-2025 9:15 am,ASTRAL,Largecap,FMCG
01-07-2025 9:15 am,TITAGARH,Midcap,FMCG
01-07-2025 9:15 am,DALBHARAT,Largecap,Industrials
01-07-2025 9:15 am,NYKAA,Largecap,I.T
01-07-2025 9:15 am,IDFCFIRSTB,Largecap,Bank
01-07-2025 9:15 am,LTIM,Largecap,I.T
01-07-2025 9:15 am,RBLBANK,Midcap,Bank
01-07-2025 9:30 am,BEL,Largecap,Aerospace & Defence
01-07-2025 9:30 am,CGPOWER,Largecap,FMCG
01-07-2025 9:30 am,BDL,Largecap,Aerospace & Defence
01-07-2025 9:30 am,HAL,Largecap,Aerospace & Defence
01-07-2025 9:30 am,MAZDOCK,Largecap,Aerospace & Defence
01-07-2025 9:30 am,OFSS,Largecap,I.T
01-07-2025 9:30 am,BIOCON,Largecap,Pharmaceuticals
01-07-2025 9:30 am,COFORGE,Midcap,I.T
01-07-2025 9:45 am,BEL,Largecap,Aerospace & Defence
01-07-2025 9:45 am,CESC,Largecap,Miscellaneous
01-07-2025 9:45 am,HAL,Largecap,Aerospace & Defence
01-07-2025 9:45 am,MCX,Largecap,Financial Services
01-07-2025 10:00 am,BALKRISIND,Largecap,Auto
01-07-2025 10:00 am,DMART,Largecap,FMCG
01-07-2025 10:15 am,SUPREMEIND,Largecap,FMCG
01-07-2025 10:15 am,TITAGARH,Midcap,FMCG
01-07-2025 10:30 am,SIEMENS,Largecap,FMCG
01-07-2025 11:30 am,EICHERMOT,Largecap,Auto
01-07-2025 11:30 am,UPL,Largecap,Industrials
01-07-2025 12:00 pm,GMRAIRPORT,Largecap,Miscellaneous
01-07-2025 12:00 pm,TORNTPOWER,Largecap,Miscellaneous
01-07-2025 12:15 pm,BLUESTARCO,Largecap,FMCG
01-07-2025 12:15 pm,SAIL,Largecap,Metals
01-07-2025 12:15 pm,HINDCOPPER,Largecap,Metals
01-07-2025 12:30 pm,FEDERALBNK,Largecap,Bank
01-07-2025 12:30 pm,UPL,Largecap,Industrials
01-07-2025 12:30 pm,BANKINDIA,Largecap,Bank
01-07-2025 12:30 pm,PNB,Largecap,Bank
01-07-2025 12:45 pm,BANKINDIA,Largecap,Bank
01-07-2025 2:00 pm,VEDL,Largecap,Industrials
01-07-2025 2:00 pm,ASHOKLEY,Largecap,Auto
01-07-2025 2:00 pm,AUROPHARMA,Largecap,Pharmaceuticals
01-07-2025 2:15 pm,IRB,Largecap,Realty
01-07-2025 2:30 pm,ASIANPAINT,Largecap,Industrials
01-07-2025 2:30 pm,AARTIIND,Midcap,Industrials
01-07-2025 2:45 pm,ACC,Largecap,Industrials
01-07-2025 2:45 pm,AARTIIND,Midcap,Industrials
01-07-2025 2:45 pm,AUROPHARMA,Largecap,Pharmaceuticals
01-07-2025 2:45 pm,AMBER,Largecap,FMCG
01-07-2025 2:45 pm,ANGELONE,Largecap,Services
01-07-2025 2:45 pm,BSOFT,Midcap,I.T
01-07-2025 2:45 pm,YESBANK,Largecap,Bank
01-07-2025 2:45 pm,MUTHOOTFIN,Largecap,Finance
01-07-2025 2:45 pm,KALYANKJIL,Largecap,Miscellaneous
01-07-2025 2:45 pm,MGL,Midcap,Industrials
01-07-2025 3:00 pm,CIPLA,Largecap,Pharmaceuticals
01-07-2025 3:00 pm,DABUR,Largecap,FMCG
01-07-2025 3:00 pm,INFY,Largecap,I.T
01-07-2025 3:00 pm,LICHSGFIN,Largecap,Finance
01-07-2025 3:00 pm,TATACOMM,Largecap,Telecom
01-07-2025 3:00 pm,HINDUNILVR,Largecap,FMCG
01-07-2025 3:00 pm,SRF,Largecap,Industrials
01-07-2025 3:00 pm,KAYNES,Largecap,FMCG
01-07-2025 3:00 pm,AARTIIND,Midcap,Industrials
01-07-2025 3:00 pm,DIXON,Largecap,FMCG
01-07-2025 3:00 pm,SBILIFE,Largecap,Services
01-07-2025 3:00 pm,CONCOR,Largecap,Services
01-07-2025 3:00 pm,ANGELONE,Largecap,Services
01-07-2025 3:00 pm,HCLTECH,Largecap,I.T
01-07-2025 3:00 pm,UNITDSPR,Largecap,FMCG
01-07-2025 3:00 pm,GMRAIRPORT,Largecap,Miscellaneous
01-07-2025 3:00 pm,TORNTPOWER,Largecap,Miscellaneous
01-07-2025 3:00 pm,GODREJPROP,Largecap,Realty
01-07-2025 3:00 pm,KALYANKJIL,Largecap,Miscellaneous
01-07-2025 3:15 pm,HFCL,Midcap,Telecom
01-07-2025 3:15 pm,LICHSGFIN,Largecap,Finance
01-07-2025 3:15 pm,NCC,Midcap,Realty
01-07-2025 3:15 pm,GRASIM,Largecap,Miscellaneous
01-07-2025 3:15 pm,PEL,Largecap,Finance
01-07-2025 3:15 pm,SHREECEM,Largecap,Industrials
01-07-2025 3:15 pm,TATACOMM,Largecap,Telecom
01-07-2025 3:15 pm,HINDUNILVR,Largecap,FMCG
01-07-2025 3:15 pm,APOLLOHOSP,Largecap,Pharmaceuticals
01-07-2025 3:15 pm,ADANIENT,Largecap,Services
01-07-2025 3:15 pm,PPLPHARMA,Largecap,Pharmaceuticals
01-07-2025 3:15 pm,HUDCO,Largecap,Finance
01-07-2025 3:15 pm,IREDA,Largecap,Finance
01-07-2025 3:15 pm,BANDHANBNK,Largecap,Bank
01-07-2025 3:15 pm,HDFCAMC,Largecap,Finance
01-07-2025 3:15 pm,YESBANK,Largecap,Bank
01-07-2025 3:15 pm,SOLARINDS,Largecap,Aerospace & Defence
01-07-2025 3:15 pm,GMRAIRPORT,Largecap,Miscellaneous
01-07-2025 3:15 pm,INOXWIND,Largecap,FMCG
01-07-2025 3:15 pm,SYNGENE,Largecap,Pharmaceuticals
01-07-2025 3:15 pm,LTIM,Largecap,I.T
01-07-2025 3:15 pm,ICICIPRULI,Largecap,Services
01-07-2025 3:15 pm,VBL,Largecap,FMCG
02-07-2025 9:15 am,LAURUSLABS,Largecap,Pharmaceuticals
02-07-2025 9:15 am,INFY,Largecap,I.T
02-07-2025 9:15 am,JSWSTEEL,Largecap,Metals
02-07-2025 9:15 am,VEDL,Largecap,Industrials
02-07-2025 9:15 am,TATAPOWER,Largecap,Miscellaneous
02-07-2025 9:15 am,TATAMOTORS,Largecap,Auto
02-07-2025 9:15 am,BALKRISIND,Largecap,Auto
02-07-2025 9:15 am,WIPRO,Largecap,I.T
02-07-2025 9:15 am,MOTHERSON,Largecap,Auto
02-07-2025 9:15 am,KAYNES,Largecap,FMCG
02-07-2025 9:15 am,KFINTECH,Largecap,Financial Services
02-07-2025 9:15 am,BSE,Largecap,Financial Services
02-07-2025 9:15 am,CDSL,Largecap,Financial Services
02-07-2025 9:15 am,AUROPHARMA,Largecap,Pharmaceuticals
02-07-2025 9:15 am,TATATECH,Largecap,I.T
02-07-2025 9:15 am,IEX,Midcap,Financial Services
02-07-2025 9:15 am,AMBER,Largecap,FMCG
02-07-2025 9:15 am,BANDHANBNK,Largecap,Bank
02-07-2025 9:15 am,HAL,Largecap,Aerospace & Defence
02-07-2025 9:15 am,ADANIGREEN,Largecap,Miscellaneous
02-07-2025 9:15 am,RVNL,Largecap,Realty
02-07-2025 9:15 am,IRCTC,Largecap,Miscellaneous
02-07-2025 9:15 am,CYIENT,Midcap,I.T
02-07-2025 9:15 am,NATIONALUM,Largecap,Metals
02-07-2025 9:15 am,HCLTECH,Largecap,I.T
02-07-2025 9:15 am,ZYDUSLIFE,Largecap,Pharmaceuticals
02-07-2025 9:15 am,BSOFT,Midcap,I.T
02-07-2025 9:15 am,GODREJCP,Largecap,FMCG
02-07-2025 9:15 am,OFSS,Largecap,I.T
02-07-2025 9:15 am,GRANULES,Midcap,Pharmaceuticals
02-07-2025 9:15 am,MARUTI,Largecap,Auto
02-07-2025 9:15 am,BIOCON,Largecap,Pharmaceuticals
02-07-2025 9:15 am,TCS,Largecap,I.T
02-07-2025 9:15 am,GMRAIRPORT,Largecap,Miscellaneous
02-07-2025 9:15 am,TECHM,Largecap,I.T
02-07-2025 9:15 am,DLF,Largecap,Realty
02-07-2025 9:15 am,NHPC,Largecap,Miscellaneous
02-07-2025 9:15 am,GODREJPROP,Largecap,Realty
02-07-2025 9:15 am,LTF,Largecap,Finance
02-07-2025 9:15 am,MCX,Largecap,Financial Services
02-07-2025 9:15 am,NBCC,Largecap,Realty
02-07-2025 9:15 am,IRFC,Largecap,Finance
02-07-2025 9:15 am,KALYANKJIL,Largecap,Miscellaneous
02-07-2025 9:15 am,INOXWIND,Largecap,FMCG
02-07-2025 9:15 am,SYNGENE,Largecap,Pharmaceuticals
02-07-2025 9:15 am,LTIM,Largecap,I.T
02-07-2025 9:15 am,RBLBANK,Midcap,Bank
02-07-2025 9:30 am,BALKRISIND,Largecap,Auto
02-07-2025 9:30 am,IGL,Largecap,Industrials
02-07-2025 9:30 am,GMRAIRPORT,Largecap,Miscellaneous
02-07-2025 9:30 am,PGEL,Largecap,FMCG
02-07-2025 9:45 am,MPHASIS,Largecap,I.T
02-07-2025 9:45 am,GMRAIRPORT,Largecap,Miscellaneous
02-07-2025 10:00 am,BALKRISIND,Largecap,Auto
02-07-2025 10:15 am,TATACONSUM,Largecap,FMCG
02-07-2025 10:45 am,PATANJALI,Largecap,FMCG
02-07-2025 10:45 am,INDIANB,Largecap,Bank
02-07-2025 11:00 am,DABUR,Largecap,FMCG
02-07-2025 11:00 am,ULTRACEMCO,Largecap,Industrials
02-07-2025 11:00 am,NYKAA,Largecap,I.T
02-07-2025 11:15 am,SAIL,Largecap,Metals
02-07-2025 11:15 am,JSWSTEEL,Largecap,Metals
02-07-2025 11:15 am,TATASTEEL,Largecap,Metals
02-07-2025 11:15 am,NATIONALUM,Largecap,Metals
02-07-2025 11:15 am,JSL,Largecap,Metals
02-07-2025 11:15 am,IGL,Largecap,Industrials
02-07-2025 11:30 am,TRENT,Largecap,FMCG
02-07-2025 11:30 am,TATASTEEL,Largecap,Metals
02-07-2025 11:30 am,TATACHEM,Largecap,Industrials
02-07-2025 11:30 am,NATIONALUM,Largecap,Metals
02-07-2025 11:45 am,SAIL,Largecap,Metals
02-07-2025 11:45 am,JSWSTEEL,Largecap,Metals
02-07-2025 11:45 am,TATASTEEL,Largecap,Metals
02-07-2025 11:45 am,COLPAL,Largecap,FMCG
02-07-2025 11:45 am,JINDALSTEL,Largecap,Metals
02-07-2025 11:45 am,JSL,Largecap,Metals
02-07-2025 12:00 pm,TATACOMM,Largecap,Telecom
02-07-2025 12:15 pm,TATACOMM,Largecap,Telecom
02-07-2025 12:15 pm,HINDUNILVR,Largecap,FMCG
02-07-2025 12:15 pm,COLPAL,Largecap,FMCG
02-07-2025 12:15 pm,IIFL,Largecap,Finance
02-07-2025 12:45 pm,DRREDDY,Largecap,Pharmaceuticals
02-07-2025 12:45 pm,GRASIM,Largecap,Miscellaneous
02-07-2025 12:45 pm,BHARATFORG,Largecap,Industrials
02-07-2025 12:45 pm,KAYNES,Largecap,FMCG
02-07-2025 1:00 pm,BHARATFORG,Largecap,Industrials
02-07-2025 1:00 pm,MANKIND,Largecap,Pharmaceuticals
02-07-2025 1:00 pm,ULTRACEMCO,Largecap,Industrials
02-07-2025 1:15 pm,MARUTI,Largecap,Auto
02-07-2025 1:45 pm,DIVISLAB,Largecap,Pharmaceuticals
02-07-2025 1:45 pm,ABFRL,Midcap,FMCG
02-07-2025 2:15 pm,BLUESTARCO,Largecap,FMCG
02-07-2025 2:15 pm,UPL,Largecap,Industrials
02-07-2025 2:30 pm,BLUESTARCO,Largecap,FMCG
02-07-2025 2:30 pm,VBL,Largecap,FMCG
02-07-2025 3:00 pm,BAJFINANCE,Largecap,Finance
02-07-2025 3:00 pm,HINDPETRO,Largecap,Industrials
02-07-2025 3:00 pm,SBIN,Largecap,Bank
02-07-2025 3:00 pm,DRREDDY,Largecap,Pharmaceuticals
02-07-2025 3:00 pm,HDFCBANK,Largecap,Bank
02-07-2025 3:00 pm,TRENT,Largecap,FMCG
02-07-2025 3:00 pm,RELIANCE,Largecap,Industrials
02-07-2025 3:00 pm,PIDILITIND,Largecap,Industrials
02-07-2025 3:00 pm,SHREECEM,Largecap,Industrials
02-07-2025 3:00 pm,TORNTPHARM,Largecap,Pharmaceuticals
02-07-2025 3:00 pm,ASHOKLEY,Largecap,Auto
02-07-2025 3:00 pm,LT,Largecap,Realty
02-07-2025 3:00 pm,HINDUNILVR,Largecap,FMCG
02-07-2025 3:00 pm,ASIANPAINT,Largecap,Industrials
02-07-2025 3:00 pm,APOLLOHOSP,Largecap,Pharmaceuticals
02-07-2025 3:00 pm,SHRIRAMFIN,Largecap,Finance
02-07-2025 3:00 pm,HAVELLS,Largecap,FMCG
02-07-2025 3:00 pm,DIXON,Largecap,FMCG
02-07-2025 3:00 pm,SBILIFE,Largecap,Services
02-07-2025 3:00 pm,ICICIGI,Largecap,Services
02-07-2025 3:00 pm,HDFCAMC,Largecap,Finance
02-07-2025 3:00 pm,IOC,Largecap,Industrials
02-07-2025 3:00 pm,IRCTC,Largecap,Miscellaneous
02-07-2025 3:00 pm,SBICARD,Largecap,Finance
02-07-2025 3:00 pm,MAXHEALTH,Largecap,Pharmaceuticals
02-07-2025 3:00 pm,BANKINDIA,Largecap,Bank
02-07-2025 3:00 pm,AXISBANK,Largecap,Bank
02-07-2025 3:00 pm,HCLTECH,Largecap,I.T
02-07-2025 3:00 pm,TVSMOTOR,Largecap,Auto
02-07-2025 3:00 pm,PNB,Largecap,Bank
02-07-2025 3:00 pm,PETRONET,Largecap,Industrials
02-07-2025 3:00 pm,TORNTPOWER,Largecap,Miscellaneous
02-07-2025 3:00 pm,BAJAJFINSV,Largecap,Finance
02-07-2025 3:00 pm,NHPC,Largecap,Miscellaneous
02-07-2025 3:00 pm,JUBLFOOD,Largecap,Quick Service Restaurant
02-07-2025 3:00 pm,ABFRL,Midcap,FMCG
02-07-2025 3:00 pm,LODHA,Largecap,Realty
02-07-2025 3:00 pm,SONACOMS,Largecap,Auto
02-07-2025 3:00 pm,SYNGENE,Largecap,Pharmaceuticals
02-07-2025 3:00 pm,ICICIPRULI,Largecap,Services
02-07-2025 3:15 pm,TORNTPHARM,Largecap,Pharmaceuticals
02-07-2025 3:15 pm,ASIANPAINT,Largecap,Industrials
02-07-2025 3:15 pm,HAVELLS,Largecap,FMCG
02-07-2025 3:15 pm,SUNPHARMA,Largecap,Pharmaceuticals
02-07-2025 3:15 pm,ICICIGI,Largecap,Services
02-07-2025 3:15 pm,IRCTC,Largecap,Miscellaneous
02-07-2025 3:15 pm,MAXHEALTH,Largecap,Pharmaceuticals
02-07-2025 3:15 pm,ANGELONE,Largecap,Services
02-07-2025 3:15 pm,CYIENT,Midcap,I.T
02-07-2025 3:15 pm,MAZDOCK,Largecap,Aerospace & Defence
02-07-2025 3:15 pm,PNB,Largecap,Bank
02-07-2025 3:15 pm,GRANULES,Midcap,Pharmaceuticals
02-07-2025 3:15 pm,PETRONET,Largecap,Industrials
02-07-2025 3:15 pm,BIOCON,Largecap,Pharmaceuticals
02-07-2025 3:15 pm,UNOMINDA,Largecap,Auto
02-07-2025 3:15 pm,PAGEIND,Largecap,FMCG
02-07-2025 3:15 pm,SONACOMS,Largecap,Auto
03-07-2025 9:15 am,SAIL,Largecap,Metals
03-07-2025 9:15 am,ONGC,Largecap,Oils
03-07-2025 9:15 am,PIDILITIND,Largecap,Industrials
03-07-2025 9:15 am,BHARATFORG,Largecap,Industrials
03-07-2025 9:15 am,M&M,Largecap,Auto
03-07-2025 9:15 am,SIEMENS,Largecap,FMCG
03-07-2025 9:15 am,ASIANPAINT,Largecap,Industrials
03-07-2025 9:15 am,UPL,Largecap,Industrials
03-07-2025 9:15 am,DELHIVERY,Largecap,Services
03-07-2025 9:15 am,HINDCOPPER,Largecap,Metals
03-07-2025 9:15 am,MOTHERSON,Largecap,Auto
03-07-2025 9:15 am,BSE,Largecap,Financial Services
03-07-2025 9:15 am,NMDC,Largecap,Industrials
03-07-2025 9:15 am,HAL,Largecap,Aerospace & Defence
03-07-2025 9:15 am,MAXHEALTH,Largecap,Pharmaceuticals
03-07-2025 9:15 am,GAIL,Largecap,Industrials
03-07-2025 9:15 am,TVSMOTOR,Largecap,Auto
03-07-2025 9:15 am,OFSS,Largecap,I.T
03-07-2025 9:15 am,OIL,Largecap,Oils
03-07-2025 9:15 am,APLAPOLLO,Largecap,Metals
03-07-2025 9:15 am,INDUSTOWER,Largecap,Telecom
03-07-2025 9:15 am,SONACOMS,Largecap,Auto
03-07-2025 9:15 am,IDFCFIRSTB,Largecap,Bank
03-07-2025 9:30 am,NMDC,Largecap,Industrials
03-07-2025 9:30 am,IEX,Midcap,Financial Services
03-07-2025 9:30 am,HDFCAMC,Largecap,Finance
03-07-2025 9:30 am,OIL,Largecap,Oils
03-07-2025 9:45 am,BLUESTARCO,Largecap,FMCG
03-07-2025 9:45 am,PIDILITIND,Largecap,Industrials
03-07-2025 9:45 am,PATANJALI,Largecap,FMCG
03-07-2025 9:45 am,BOSCHLTD,Largecap,Auto
03-07-2025 9:45 am,TATACHEM,Largecap,Industrials
03-07-2025 9:45 am,HAL,Largecap,Aerospace & Defence
03-07-2025 9:45 am,MAZDOCK,Largecap,Aerospace & Defence
03-07-2025 9:45 am,GLENMARK,Largecap,Pharmaceuticals
03-07-2025 9:45 am,OIL,Largecap,Oils
03-07-2025 9:45 am,DALBHARAT,Largecap,Industrials
03-07-2025 10:00 am,PIDILITIND,Largecap,Industrials
03-07-2025 10:00 am,BOSCHLTD,Largecap,Auto
03-07-2025 10:00 am,VOLTAS,Largecap,FMCG
03-07-2025 10:00 am,TATACHEM,Largecap,Industrials
03-07-2025 10:00 am,HAVELLS,Largecap,FMCG
03-07-2025 10:00 am,NMDC,Largecap,Industrials
03-07-2025 10:00 am,UNOMINDA,Largecap,Auto
03-07-2025 10:00 am,OIL,Largecap,Oils
03-07-2025 10:15 am,DRREDDY,Largecap,Pharmaceuticals
03-07-2025 10:15 am,PATANJALI,Largecap,FMCG
03-07-2025 10:15 am,BOSCHLTD,Largecap,Auto
03-07-2025 10:15 am,MANAPPURAM,Largecap,Finance
03-07-2025 10:15 am,MAXHEALTH,Largecap,Pharmaceuticals
03-07-2025 10:15 am,IIFL,Largecap,Finance
03-07-2025 10:15 am,OIL,Largecap,Oils
03-07-2025 10:30 am,BOSCHLTD,Largecap,Auto
03-07-2025 10:30 am,M&MFIN,Largecap,Finance
03-07-2025 10:45 am,PHOENIXLTD,Largecap,Realty
03-07-2025 11:00 am,BOSCHLTD,Largecap,Auto
03-07-2025 11:00 am,KEI,Largecap,Industrials
03-07-2025 11:15 am,ITC,Largecap,FMCG
03-07-2025 11:15 am,CROMPTON,Largecap,FMCG
03-07-2025 11:45 am,ASTRAL,Largecap,FMCG
03-07-2025 12:45 pm,CHAMBLFERT,Largecap,Industrials
03-07-2025 12:45 pm,TIINDIA,Largecap,Metals
03-07-2025 1:00 pm,SYNGENE,Largecap,Pharmaceuticals
03-07-2025 1:30 pm,AXISBANK,Largecap,Bank
03-07-2025 1:30 pm,BIOCON,Largecap,Pharmaceuticals
03-07-2025 1:45 pm,INDIANB,Largecap,Bank
03-07-2025 2:00 pm,MANAPPURAM,Largecap,Finance
03-07-2025 2:15 pm,TATACHEM,Largecap,Industrials
03-07-2025 2:15 pm,360ONE,Largecap,Finance
03-07-2025 2:30 pm,360ONE,Largecap,Finance
03-07-2025 2:45 pm,PNBHOUSING,Largecap,Finance
03-07-2025 3:00 pm,LAURUSLABS,Largecap,Pharmaceuticals
03-07-2025 3:00 pm,TITAN,Largecap,Miscellaneous
03-07-2025 3:00 pm,LICHSGFIN,Largecap,Finance
03-07-2025 3:00 pm,LUPIN,Largecap,Pharmaceuticals
03-07-2025 3:00 pm,MFSL,Largecap,Finance
03-07-2025 3:00 pm,SRF,Largecap,Industrials
03-07-2025 3:00 pm,AUROPHARMA,Largecap,Pharmaceuticals
03-07-2025 3:00 pm,ZYDUSLIFE,Largecap,Pharmaceuticals
03-07-2025 3:00 pm,NTPC,Largecap,Miscellaneous
03-07-2025 3:00 pm,TORNTPOWER,Largecap,Miscellaneous
03-07-2025 3:00 pm,KALYANKJIL,Largecap,Miscellaneous
03-07-2025 3:00 pm,POLICYBZR,Largecap,I.T
03-07-2025 3:15 pm,CHAMBLFERT,Largecap,Industrials
03-07-2025 3:15 pm,LUPIN,Largecap,Pharmaceuticals
03-07-2025 3:15 pm,INDHOTEL,Largecap,Services
03-07-2025 3:15 pm,SUPREMEIND,Largecap,FMCG
03-07-2025 3:15 pm,POONAWALLA,Largecap,Finance
03-07-2025 3:15 pm,BSE,Largecap,Financial Services
03-07-2025 3:15 pm,AUROPHARMA,Largecap,Pharmaceuticals
03-07-2025 3:15 pm,IEX,Midcap,Financial Services
03-07-2025 3:15 pm,MARICO,Largecap,FMCG
03-07-2025 3:15 pm,IRCTC,Largecap,Miscellaneous
03-07-2025 3:15 pm,TECHM,Largecap,I.T
03-07-2025 3:15 pm,PAGEIND,Largecap,FMCG
03-07-2025 3:15 pm,LODHA,Largecap,Realty
03-07-2025 3:15 pm,SYNGENE,Largecap,Pharmaceuticals
03-07-2025 3:15 pm,INDIGO,Largecap,Services
04-07-2025 9:15 am,BAJFINANCE,Largecap,Finance
04-07-2025 9:15 am,BEL,Largecap,Aerospace & Defence
04-07-2025 9:15 am,BLUESTARCO,Largecap,FMCG
04-07-2025 9:15 am,CGPOWER,Largecap,FMCG
04-07-2025 9:15 am,BHEL,Largecap,FMCG
04-07-2025 9:15 am,HFCL,Midcap,Telecom
04-07-2025 9:15 am,BPCL,Largecap,Industrials
04-07-2025 9:15 am,UPL,Largecap,Industrials
04-07-2025 9:15 am,PPLPHARMA,Largecap,Pharmaceuticals
04-07-2025 9:15 am,MANKIND,Largecap,Pharmaceuticals
04-07-2025 9:15 am,POONAWALLA,Largecap,Finance
04-07-2025 9:15 am,HUDCO,Largecap,Finance
04-07-2025 9:15 am,DIXON,Largecap,FMCG
04-07-2025 9:15 am,IREDA,Largecap,Finance
04-07-2025 9:15 am,TATATECH,Largecap,I.T
04-07-2025 9:15 am,IEX,Midcap,Financial Services
04-07-2025 9:15 am,AMBER,Largecap,FMCG
04-07-2025 9:15 am,BDL,Largecap,Aerospace & Defence
04-07-2025 9:15 am,HAL,Largecap,Aerospace & Defence
04-07-2025 9:15 am,HDFCAMC,Largecap,Finance
04-07-2025 9:15 am,RVNL,Largecap,Realty
04-07-2025 9:15 am,MARICO,Largecap,FMCG
04-07-2025 9:15 am,MAZDOCK,Largecap,Aerospace & Defence
04-07-2025 9:15 am,GLENMARK,Largecap,Pharmaceuticals
04-07-2025 9:15 am,UNIONBANK,Largecap,Bank
04-07-2025 9:15 am,GMRAIRPORT,Largecap,Miscellaneous
04-07-2025 9:15 am,TITAGARH,Midcap,FMCG
04-07-2025 9:15 am,BAJAJFINSV,Largecap,Finance
04-07-2025 9:15 am,SJVN,Largecap,Miscellaneous
04-07-2025 9:15 am,DALBHARAT,Largecap,Industrials
04-07-2025 9:15 am,LTF,Largecap,Finance
04-07-2025 9:15 am,IRFC,Largecap,Finance
04-07-2025 9:15 am,KALYANKJIL,Largecap,Miscellaneous
04-07-2025 9:15 am,INOXWIND,Largecap,FMCG
04-07-2025 9:15 am,MGL,Midcap,Industrials
04-07-2025 9:30 am,BAJFINANCE,Largecap,Finance
04-07-2025 9:30 am,BALKRISIND,Largecap,Auto
04-07-2025 9:30 am,DIXON,Largecap,FMCG
04-07-2025 9:30 am,ABCAPITAL,Largecap,Finance
04-07-2025 9:30 am,TATATECH,Largecap,I.T
04-07-2025 9:30 am,HAL,Largecap,Aerospace & Defence
04-07-2025 9:30 am,MAZDOCK,Largecap,Aerospace & Defence
04-07-2025 9:30 am,BAJAJFINSV,Largecap,Finance
04-07-2025 9:30 am,INOXWIND,Largecap,FMCG
04-07-2025 9:30 am,MGL,Midcap,Industrials
04-07-2025 9:45 am,POONAWALLA,Largecap,Finance
04-07-2025 9:45 am,GRANULES,Midcap,Pharmaceuticals
04-07-2025 9:45 am,IGL,Largecap,Industrials
04-07-2025 9:45 am,PAGEIND,Largecap,FMCG
04-07-2025 9:45 am,GODREJPROP,Largecap,Realty
04-07-2025 9:45 am,LTF,Largecap,Finance
04-07-2025 9:45 am,MGL,Midcap,Industrials
04-07-2025 10:00 am,BALKRISIND,Largecap,Auto
04-07-2025 10:00 am,ATGL,Largecap,Industrials
04-07-2025 10:00 am,GLENMARK,Largecap,Pharmaceuticals
04-07-2025 10:00 am,MGL,Midcap,Industrials
04-07-2025 10:15 am,TITAN,Largecap,Miscellaneous
04-07-2025 10:15 am,TATACHEM,Largecap,Industrials
04-07-2025 10:15 am,MANKIND,Largecap,Pharmaceuticals
04-07-2025 10:15 am,POONAWALLA,Largecap,Finance
04-07-2025 10:15 am,ABFRL,Midcap,FMCG
04-07-2025 10:30 am,AMBUJACEM,Largecap,Industrials
04-07-2025 10:30 am,POONAWALLA,Largecap,Finance
04-07-2025 10:30 am,AUROPHARMA,Largecap,Pharmaceuticals
04-07-2025 10:30 am,ATGL,Largecap,Industrials
04-07-2025 10:30 am,GAIL,Largecap,Industrials
04-07-2025 10:30 am,IGL,Largecap,Industrials
04-07-2025 10:30 am,INDUSTOWER,Largecap,Telecom
04-07-2025 10:30 am,MGL,Midcap,Industrials
04-07-2025 10:45 am,AMBUJACEM,Largecap,Industrials
04-07-2025 10:45 am,MANKIND,Largecap,Pharmaceuticals
04-07-2025 10:45 am,MGL,Midcap,Industrials
04-07-2025 11:00 am,ACC,Largecap,Industrials
04-07-2025 11:00 am,INOXWIND,Largecap,FMCG
04-07-2025 11:15 am,BPCL,Largecap,Industrials
04-07-2025 11:15 am,MANKIND,Largecap,Pharmaceuticals
04-07-2025 11:30 am,HINDPETRO,Largecap,Industrials
04-07-2025 11:30 am,BPCL,Largecap,Industrials
04-07-2025 11:30 am,MANKIND,Largecap,Pharmaceuticals
04-07-2025 11:30 am,IOC,Largecap,Industrials
04-07-2025 12:00 pm,MANAPPURAM,Largecap,Finance
04-07-2025 12:00 pm,IGL,Largecap,Industrials
04-07-2025 12:15 pm,IGL,Largecap,Industrials
04-07-2025 12:30 pm,MANAPPURAM,Largecap,Finance
04-07-2025 12:30 pm,IGL,Largecap,Industrials
04-07-2025 12:30 pm,IIFL,Largecap,Finance
04-07-2025 1:00 pm,IIFL,Largecap,Finance
04-07-2025 1:30 pm,BRITANNIA,Largecap,FMCG
04-07-2025 1:30 pm,GODREJCP,Largecap,FMCG
04-07-2025 1:30 pm,JSL,Largecap,Metals
04-07-2025 1:30 pm,APLAPOLLO,Largecap,Metals
04-07-2025 2:00 pm,TATACONSUM,Largecap,FMCG
04-07-2025 2:00 pm,BIOCON,Largecap,Pharmaceuticals
04-07-2025 2:30 pm,SBIN,Largecap,Bank
04-07-2025 2:30 pm,KOTAKBANK,Largecap,Bank
04-07-2025 2:30 pm,TATACONSUM,Largecap,FMCG
04-07-2025 2:30 pm,HDFCAMC,Largecap,Finance
04-07-2025 2:30 pm,IOC,Largecap,Industrials
04-07-2025 2:30 pm,BHARTIARTL,Largecap,Telecom
04-07-2025 2:30 pm,PETRONET,Largecap,Industrials
04-07-2025 2:30 pm,NTPC,Largecap,Miscellaneous
04-07-2025 2:45 pm,HINDZINC,Largecap,Metals
04-07-2025 2:45 pm,IOC,Largecap,Industrials
04-07-2025 2:45 pm,GODREJCP,Largecap,FMCG
04-07-2025 2:45 pm,ULTRACEMCO,Largecap,Industrials
04-07-2025 2:45 pm,GMRAIRPORT,Largecap,Miscellaneous
04-07-2025 2:45 pm,KALYANKJIL,Largecap,Miscellaneous
04-07-2025 2:45 pm,NYKAA,Largecap,I.T
04-07-2025 3:00 pm,HINDPETRO,Largecap,Industrials
04-07-2025 3:00 pm,INFY,Largecap,I.T
04-07-2025 3:00 pm,GRASIM,Largecap,Miscellaneous
04-07-2025 3:00 pm,PATANJALI,Largecap,FMCG
04-07-2025 3:00 pm,NESTLEIND,Largecap,FMCG
04-07-2025 3:00 pm,BRITANNIA,Largecap,FMCG
04-07-2025 3:00 pm,SUPREMEIND,Largecap,FMCG
04-07-2025 3:00 pm,PIIND,Largecap,Industrials
04-07-2025 3:00 pm,SBICARD,Largecap,Finance
04-07-2025 3:00 pm,GODREJCP,Largecap,FMCG
04-07-2025 3:00 pm,PETRONET,Largecap,Industrials
04-07-2025 3:00 pm,UNOMINDA,Largecap,Auto
04-07-2025 3:00 pm,NTPC,Largecap,Miscellaneous
04-07-2025 3:00 pm,OBEROIRLTY,Largecap,Realty
04-07-2025 3:00 pm,PRESTIGE,Largecap,Realty
04-07-2025 3:00 pm,COALINDIA,Largecap,Industrials
04-07-2025 3:00 pm,APLAPOLLO,Largecap,Metals
04-07-2025 3:00 pm,KALYANKJIL,Largecap,Miscellaneous
04-07-2025 3:15 pm,EXIDEIND,Largecap,Auto
04-07-2025 3:15 pm,HDFCBANK,Largecap,Bank
04-07-2025 3:15 pm,LUPIN,Largecap,Pharmaceuticals
04-07-2025 3:15 pm,RELIANCE,Largecap,Industrials
04-07-2025 3:15 pm,PIDILITIND,Largecap,Industrials
04-07-2025 3:15 pm,TATAPOWER,Largecap,Miscellaneous
04-07-2025 3:15 pm,HINDUNILVR,Largecap,FMCG
04-07-2025 3:15 pm,SUPREMEIND,Largecap,FMCG
04-07-2025 3:15 pm,KEI,Largecap,Industrials
04-07-2025 3:15 pm,IRCTC,Largecap,Miscellaneous
04-07-2025 3:15 pm,GLENMARK,Largecap,Pharmaceuticals
04-07-2025 3:15 pm,GODREJCP,Largecap,FMCG
04-07-2025 3:15 pm,ASTRAL,Largecap,FMCG
04-07-2025 3:15 pm,SJVN,Largecap,Miscellaneous
04-07-2025 3:15 pm,PRESTIGE,Largecap,Realty
04-07-2025 3:15 pm,COALINDIA,Largecap,Industrials
04-07-2025 3:15 pm,KALYANKJIL,Largecap,Miscellaneous
04-07-2025 3:15 pm,LODHA,Largecap,Realty
04-07-2025 3:15 pm,INDIGO,Largecap,Services
07-07-2025 9:15 am,DABUR,Largecap,FMCG
07-07-2025 9:15 am,HINDPETRO,Largecap,Industrials
07-07-2025 9:15 am,PEL,Largecap,Finance
07-07-2025 9:15 am,HINDUNILVR,Largecap,FMCG
07-07-2025 9:15 am,COLPAL,Largecap,FMCG
07-07-2025 9:15 am,UPL,Largecap,Industrials
07-07-2025 9:15 am,KAYNES,Largecap,FMCG
07-07-2025 9:15 am,DIXON,Largecap,FMCG
07-07-2025 9:15 am,IREDA,Largecap,Finance
07-07-2025 9:15 am,AMBER,Largecap,FMCG
07-07-2025 9:15 am,IOC,Largecap,Industrials
07-07-2025 9:15 am,RVNL,Largecap,Realty
07-07-2025 9:15 am,INDUSINDBK,Largecap,Bank
07-07-2025 9:15 am,GODREJCP,Largecap,FMCG
07-07-2025 9:15 am,PNB,Largecap,Bank
07-07-2025 9:15 am,IIFL,Largecap,Finance
07-07-2025 9:15 am,GMRAIRPORT,Largecap,Miscellaneous
07-07-2025 9:15 am,IRFC,Largecap,Finance
07-07-2025 9:15 am,LODHA,Largecap,Realty
07-07-2025 9:15 am,NYKAA,Largecap,I.T
07-07-2025 9:15 am,LTIM,Largecap,I.T
07-07-2025 9:30 am,DABUR,Largecap,FMCG
07-07-2025 9:30 am,CANBK,Largecap,Bank
07-07-2025 9:30 am,NTPC,Largecap,Miscellaneous
07-07-2025 9:45 am,MANAPPURAM,Largecap,Finance
07-07-2025 10:00 am,DABUR,Largecap,FMCG
07-07-2025 10:00 am,ICICIGI,Largecap,Services
07-07-2025 10:00 am,PETRONET,Largecap,Industrials
07-07-2025 10:15 am,MOTHERSON,Largecap,Auto
07-07-2025 10:15 am,PNB,Largecap,Bank
07-07-2025 10:15 am,CANBK,Largecap,Bank
07-07-2025 10:15 am,PETRONET,Largecap,Industrials
07-07-2025 10:45 am,CESC,Largecap,Miscellaneous
07-07-2025 11:00 am,LTF,Largecap,Finance
07-07-2025 11:15 am,APOLLOHOSP,Largecap,Pharmaceuticals
07-07-2025 11:15 am,AUBANK,Largecap,Bank
07-07-2025 11:30 am,TITAGARH,Midcap,FMCG
07-07-2025 11:45 am,CGPOWER,Largecap,FMCG
07-07-2025 11:45 am,MOTHERSON,Largecap,Auto
07-07-2025 12:15 pm,PHOENIXLTD,Largecap,Realty
07-07-2025 12:30 pm,TATACONSUM,Largecap,FMCG
07-07-2025 12:30 pm,GODREJPROP,Largecap,Realty
07-07-2025 12:30 pm,ICICIPRULI,Largecap,Services
07-07-2025 1:00 pm,AUBANK,Largecap,Bank
07-07-2025 1:15 pm,APOLLOHOSP,Largecap,Pharmaceuticals
07-07-2025 1:30 pm,AXISBANK,Largecap,Bank
07-07-2025 2:00 pm,CUMMINSIND,Largecap,FMCG
07-07-2025 2:00 pm,VOLTAS,Largecap,FMCG
07-07-2025 2:15 pm,CIPLA,Largecap,Pharmaceuticals
07-07-2025 2:15 pm,INFY,Largecap,I.T
07-07-2025 2:15 pm,DELHIVERY,Largecap,Services
07-07-2025 2:15 pm,MPHASIS,Largecap,I.T
07-07-2025 2:15 pm,MAXHEALTH,Largecap,Pharmaceuticals
07-07-2025 2:15 pm,PRESTIGE,Largecap,Realty
07-07-2025 2:30 pm,NTPC,Largecap,Miscellaneous
07-07-2025 2:45 pm,TITAN,Largecap,Miscellaneous
07-07-2025 2:45 pm,PEL,Largecap,Finance
07-07-2025 2:45 pm,CUMMINSIND,Largecap,FMCG
07-07-2025 2:45 pm,360ONE,Largecap,Finance
07-07-2025 2:45 pm,PAGEIND,Largecap,FMCG
07-07-2025 2:45 pm,APLAPOLLO,Largecap,Metals
07-07-2025 2:45 pm,SYNGENE,Largecap,Pharmaceuticals
07-07-2025 2:45 pm,RBLBANK,Midcap,Bank
07-07-2025 3:00 pm,ABB,Largecap,FMCG
07-07-2025 3:00 pm,BAJFINANCE,Largecap,Finance
07-07-2025 3:00 pm,CHAMBLFERT,Largecap,Industrials
07-07-2025 3:00 pm,CIPLA,Largecap,Pharmaceuticals
07-07-2025 3:00 pm,HINDPETRO,Largecap,Industrials
07-07-2025 3:00 pm,JSWSTEEL,Largecap,Metals
07-07-2025 3:00 pm,KOTAKBANK,Largecap,Bank
07-07-2025 3:00 pm,LICHSGFIN,Largecap,Finance
07-07-2025 3:00 pm,LUPIN,Largecap,Pharmaceuticals
07-07-2025 3:00 pm,PEL,Largecap,Finance
07-07-2025 3:00 pm,RELIANCE,Largecap,Industrials
07-07-2025 3:00 pm,PIDILITIND,Largecap,Industrials
07-07-2025 3:00 pm,SHREECEM,Largecap,Industrials
07-07-2025 3:00 pm,HINDALCO,Largecap,Metals
07-07-2025 3:00 pm,ASHOKLEY,Largecap,Auto
07-07-2025 3:00 pm,SUPREMEIND,Largecap,FMCG
07-07-2025 3:00 pm,SHRIRAMFIN,Largecap,Finance
07-07-2025 3:00 pm,UPL,Largecap,Industrials
07-07-2025 3:00 pm,PPLPHARMA,Largecap,Pharmaceuticals
07-07-2025 3:00 pm,KFINTECH,Largecap,Financial Services
07-07-2025 3:00 pm,POONAWALLA,Largecap,Finance
07-07-2025 3:00 pm,SUNPHARMA,Largecap,Pharmaceuticals
07-07-2025 3:00 pm,NMDC,Largecap,Industrials
07-07-2025 3:00 pm,SBILIFE,Largecap,Services
07-07-2025 3:00 pm,IEX,Midcap,Financial Services
07-07-2025 3:00 pm,IOC,Largecap,Industrials
07-07-2025 3:00 pm,CYIENT,Midcap,I.T
07-07-2025 3:00 pm,NATIONALUM,Largecap,Metals
07-07-2025 3:00 pm,ZYDUSLIFE,Largecap,Pharmaceuticals
07-07-2025 3:00 pm,TVSMOTOR,Largecap,Auto
07-07-2025 3:00 pm,UNITDSPR,Largecap,FMCG
07-07-2025 3:00 pm,MARUTI,Largecap,Auto
07-07-2025 3:00 pm,JSL,Largecap,Metals
07-07-2025 3:00 pm,IGL,Largecap,Industrials
07-07-2025 3:00 pm,TORNTPOWER,Largecap,Miscellaneous
07-07-2025 3:00 pm,PAGEIND,Largecap,FMCG
07-07-2025 3:00 pm,POWERGRID,Largecap,Miscellaneous
07-07-2025 3:00 pm,BAJAJ-AUTO,Largecap,Auto
07-07-2025 3:00 pm,PRESTIGE,Largecap,Realty
07-07-2025 3:00 pm,APLAPOLLO,Largecap,Metals
07-07-2025 3:00 pm,SONACOMS,Largecap,Auto
07-07-2025 3:00 pm,POLICYBZR,Largecap,I.T
07-07-2025 3:15 pm,ABB,Largecap,FMCG
07-07-2025 3:15 pm,BHEL,Largecap,FMCG
07-07-2025 3:15 pm,HINDPETRO,Largecap,Industrials
07-07-2025 3:15 pm,SAIL,Largecap,Metals
07-07-2025 3:15 pm,JSWSTEEL,Largecap,Metals
07-07-2025 3:15 pm,KOTAKBANK,Largecap,Bank
07-07-2025 3:15 pm,SHREECEM,Largecap,Industrials
07-07-2025 3:15 pm,HINDALCO,Largecap,Metals
07-07-2025 3:15 pm,TATASTEEL,Largecap,Metals
07-07-2025 3:15 pm,ASHOKLEY,Largecap,Auto
07-07-2025 3:15 pm,BOSCHLTD,Largecap,Auto
07-07-2025 3:15 pm,SIEMENS,Largecap,FMCG
07-07-2025 3:15 pm,TATACONSUM,Largecap,FMCG
07-07-2025 3:15 pm,ASIANPAINT,Largecap,Industrials
07-07-2025 3:15 pm,BRITANNIA,Largecap,FMCG
07-07-2025 3:15 pm,WIPRO,Largecap,I.T
07-07-2025 3:15 pm,ADANIENT,Largecap,Services
07-07-2025 3:15 pm,MANKIND,Largecap,Pharmaceuticals
07-07-2025 3:15 pm,PIIND,Largecap,Industrials
07-07-2025 3:15 pm,DMART,Largecap,FMCG
07-07-2025 3:15 pm,SUNPHARMA,Largecap,Pharmaceuticals
07-07-2025 3:15 pm,SBILIFE,Largecap,Services
07-07-2025 3:15 pm,IOC,Largecap,Industrials
07-07-2025 3:15 pm,POLYCAB,Largecap,Industrials
07-07-2025 3:15 pm,KPITTECH,Largecap,I.T
07-07-2025 3:15 pm,CYIENT,Midcap,I.T
07-07-2025 3:15 pm,IGL,Largecap,Industrials
07-07-2025 3:15 pm,NTPC,Largecap,Miscellaneous
07-07-2025 3:15 pm,PFC,Largecap,Finance
07-07-2025 3:15 pm,PAGEIND,Largecap,FMCG
07-07-2025 3:15 pm,SYNGENE,Largecap,Pharmaceuticals